{
    "accuracy": 0.9874476790428162,
    "loss": 0.5843288898468018
}