{
    "accuracy": 0.9790794849395752,
    "loss": 0.5791091322898865
}